600 Dexter Ave.,Montgomery,Alabama,488 N 3rd St ,Harrisburg,Pennsylvania
120 4th St.,Juneau,Alaska,82 Smith St.,Providence,Rhode Island
1700 Washington,Phoenix,Arizona,1100 Gervais St.,Columbia,South Carolina
300 W. Markham St.,Little Rock,Arkansas,500 E. Capitol Ave,Pierre,South Dakota
1315 10th St,Sacramento,California,600 Charlotte Ave,Nashville,Tennessee
200 E. Colfax Ave.,Denver,Colorado,1100 Congress Ave,Austin,Texas
2210 Capitol Ave.,Hartford,Connecticut,350 N. State St,Salt Lake City,Utah
411 Legislative Ave.,Dover,Delaware,115 State St,Montpelier,Vermont
402 S. Monroe St.,Tallahassee,Florida,1000 Bank St.,Richmond,Virginia
206 Washington St. SW,Atlanta,Georgia,416 Sid Snyder Ave. SW,Olympia,Washington
